<?xml version="1.0" encoding="UTF-8"?>

<!-- Copyright 2016 Roku Corp.  All Rights Reserved. -->

<component name="RowListItems" extends="Group" xsi:noNamespaceSchemaLocation="https://devtools.web.roku.com/schema/RokuSceneGraph.xsd">
	<script type = "text/brightscript" uri = "pkg:/components/RowListItems.brs" />
	
	<interface>
		<field id = "height" 		type = "float" 		onChange = "updateLayout" />
		<field id = "width" 		type = "float" 		onChange = "updateLayout" />
		<field id = "itemContent" 	type = "node" 		onChange = "itemContentChanged"/> 
	</interface>

	<children>
	<!-- Aspect ratio for thumbnails is 16:9 -->
		<Poster
			id = "poster"
			height = "150"
			width = "267"
			loadDisplayMode = "scaleToFill">
			<!--<Label
				id = "label"
				height = "30"
				width = "267"
				horizAlign = "center"
				color = "0xFFFFFFFF"
				font = "font:SmallBoldSystemFont"
			/>-->
		</Poster>
	</children>
</component>
