{
    "countries":{
            "Costa Rica": {
                "shortCode":    "CR",
                "channels": [
                {
                    "Title":        "Teledario",
                    "region":       "San Jose",
                    "Url":          "https://mdstrm.com/live-stream-playlist/5a7b1e63a8da282c34d65445.m3u8",
                    "guideURL":     "https://www.telediario.cr/television/programacion",
                    "HDPosterUrl":  "pkg:/images/logo_teledario.jpeg",
                    "Categories":   ["San Jose"],
                    "Featured":     "true"
                },
                {
                    "Title":        "Teletica",
                    "region":       "San Jose",
                    "Url":          "https://stream-04.nyc.dailymotion.com/sec(jlR0lJnpjfic8bXdlVDO5xVv4oy7D6zIZk2mI0sj-q0)/dm/3/x29e3wg/s/live-0.m3u8",
                    "guideURL":     "",
                    "HDPosterUrl":  "pkg:/images/logo_teletica.jpeg",
                    "Categories":   ["San Jose"],
                    "Featured":     "false"
                },
                
                {
                    "Title":        "TicaVision",
                    "region":       "San Jose",
                    "Url":          "https://59ef525c24caa.streamlock.net/HBTV/HBTV/playlist.m3u8",
                    "guideURL":     "",
                    "HDPosterUrl":  "pkg:/images/logo_ticavision.jpeg",
                    "Categories":   ["San Jose"],
                    "Featured":     "true"
                },
                {
                    "Title":        "Sinart 13",
                    "region":       "San Jose",
                    "Url":          "https://stream-01.nyc.dailymotion.com/sec(0HE75RGSqqnhnSdEMl12ZSPHawR3z2q-5odNRTAOGKQ)/dm/3/x7vh8g3/d/live-2.m3u8",
                    "guideURL":     "",
                    "HDPosterUrl":  "pkg:/images/logo_sinart.jpeg",
                    "Categories":   ["San Jose"],
                    "Featured":     "false"
                },
                {
                    "Title":        "Quince UCR",
                    "region":       "San Jose",
                    "URL":          "http://163.178.170.127:1935/quinceucr/live.stream_720p/chunklist_w1053428288.m3u8",
                    "guideURL":     "",
                    "HDPosterUrl":  "https://www.ucr.ac.cr/medios/imagenes/2021/607466deea50560713b52a749blogocanal15.jpg",
                    "Categories":   ["San Jose"],
                    "Featured":     "false"
                },
                {
                    "Title":        "TVTica",
                    "region":       "San Jose",
                    "URL":          "http://tiquiciatv.com:1935/tvtica/web/playlist.m3u8",
                    "guideURL":     "",
                    "HDPosterUrl":  "pkg:/images/logo_tv_tica.jpeg",
                    "Categories":   ["San Jose"],
                    "Featured":     "false"
                },
                {
                    "Title":        "VM latino",
                    "region":       "San Jose",
                    "Url":          "https://59ef525c24caa.streamlock.net/vmtv/vmlatino/chunklist_w349784564.m3u8",
                    "guideURL":     "",
                    "HDPosterUrl":  "pkg:/images/logo_vm_latino.jpeg",
                    "Categories":   ["Music"],
                    "Featured":     "true"
                },
                {
                    "Title":        "88.7 FM",
                    "region":       "San Jose",
                    "Url":          "http://k3.usastreams.com/CableLatino/88stereo/playlist.m3u8",
                    "guideURL":     "",
                    "HDPosterUrl":  "pkg:/images/logo_88_7_FM.jpeg",
                    "Categories":   ["Music"],
                    "Featured":     "false"
                },
                {
                    "Title":        "Cristovision",
                    "region":       "San Jose",
                    "Url":          "https://liveingesta118.cdnmedia.tv/cristovisionlive/smil:dvrlive.smil/chunklist_b1500000_DVR.m3u8",
                    "guideURL":     "",
                    "HDPosterUrl":  "https://live-tv-channels.org/pt-data/uploads/logo/co-cristo-vision-5336.jpg",
                    "Categories":   ["Religious"],
                    "Featured":     "false"
                },
                {
                    "Title":        "Esperanza TV",
                    "region":       "San Jose",
                    "Url":          "https://5eac7b031d945.streamlock.net/WEB/WEB_source/playlist.m3u8",
                    "guideURL":     "",
                    "HDPosterUrl":  "pkg:/images/logo_esperanza.jpeg",
                    "Categories":   ["Religious"],
                    "Featured":     "true"
                },
                {
                    "Title":        "Telefides",
                    "region":       "San Jose",
                    "Url":          "http://190.0.226.17:1935/Telefides/livestream/playlist.m3u8",
                    "guideURL":     "",
                    "HDPosterUrl":  "pkg:/images/logo_telefides.jpeg",
                    "Categories":   ["Religious"],
                    "Featured":     "false"
                },
                {
                    "Title":        "TV Enlace",
                    "region":       "San Jose",
                    "Url":          "https://1-349-11554-1.b.cdn13.com/LiveHTTPOrigin/live/playlist.m3u8",
                    "guideURL":     "https://www.enlace.org/programas/",
                    "HDPosterUrl":  "pkg:/images/logo_enlace.jpeg",
                    "Categories":   ["Religious"],
                    "Featured":     "false"
                },
                {
                    "Title":        "KMK Radio TV",
                    "region":       "San Jose",
                    "Url":          "https://panel.streamingtv-mediacp.online:1936/8294/8294/playlist.m3u8",
                    "guideURL":     "",
                    "HDPosterUrl":  "https://static.wixstatic.com/media/e9b9b7_9d27727bb93a4a1190be5ccbf3a58160~mv2.jpeg/v1/fill/w_768,h_387,al_c/e9b9b7_9d27727bb93a4a1190be5ccbf3a58160~mv2.jpeg",
                    "Categories":   ["Music"],
                    "Featured":     "true"
                },
                {
                    "Title":        "Canal Positivo",
                    "region":       "San Jose",
                    "Url":          "https://srv5.zcast.com.br/nellalexander5463/nellalexander5463/playlist.m3u8",
                    "guideURL":     "",
                    "HDPosterUrl":  "pkg:/images/logo_positv.jpeg",
                    "Categories":   ["Religious"],
                    "Featured":     "true"
                },
                {
                    "Title":        "Extrema TV",
                    "region":       "San Jose",
                    "Url":          "http://livestreamcdn.net:1935/ExtremaTV/ExtremaTV/playlist.m3u8",
                    "guideURL":     "",
                    "HDPosterUrl":  "https://unored.tv/wp-content/uploads/2018/03/Extrema-TV-portal-Unored.png",
                    "Categories":   ["Religious"],
                    "Featured":     "true"
                },
                {
                    "Title":        "Telered",
                    "region":       "San Jose",
                    "Url":          "http://k4.usastreams.com/ARBtv/teleplus/playlist.m3u8",
                    "guideURL":     "",
                    "HDPosterUrl":  "http://costaricatelevision.com/sites/default/files/2021-04/_Telered%2520Television.png",
                    "Categories":   ["San Jose"],
                    "Featured":     "false"
                },
                {
                    "Title":        "Telesistema",
                    "region":       "San Jose",
                    "Url":          "http://k4.usastreams.com/ARBtv/ARBtv/playlist.m3u8",
                    "guideURL":     "",
                    "HDPosterUrl":  "http://mastelevisioncr.com/wp-content/uploads/2020/08/WhatsApp-Image-2020-08-02-at-12.42.47-300x300.jpeg",
                    "Categories":   ["San Jose"],
                    "Featured":     "false"
                },
                {
                    "Title":        "San Jose TV",
                    "region":       "San Jose",
                    "Url":          "https://rtmp.info/sanjosetv/envivo/playlist.m3u8",
                    "guideURL":     "",
                    "HDPosterUrl":  "https://4.bp.blogspot.com/-PsVXXPIImPI/XCkg2_9To1I/AAAAAAAAHSE/mFHhHlj4ErQ4oG8d54WjkHrarhXc7AjRgCEwYBhgL/s210/blanco-crop.png",
                    "Categories":   ["Religious"],
                    "Featured":     "false"
                },
                {
                    "Title":        "2 Univision",
                    "region":       "San Jose",
                    "Url":          "https://unidfpclnlds161.akamaized.net/linear/hls/pa/event/htRo0YXqRVeJWoQoBl1c2Q/stream/7220b558-e9c4-4e71-af0c-237aeb4662b1:ATL/master.m3u8?hdnea=st=1629683828~exp=1629684128~acl=*~id=78ec17b6-3991-4831-8fc8-15d2c89df27f~hmac=b82f2a29bf86bd60b240be7ad20058e3366a19c8a3fa236e2375559fbe722834",
                    "guideURL":     "",
                    "HDPosterUrl":  "https://4.bp.blogspot.com/-PsVXXPIImPI/XCkg2_9To1I/AAAAAAAAHSE/mFHhHlj4ErQ4oG8d54WjkHrarhXc7AjRgCEwYBhgL/s210/blanco-crop.png",
                    "Categories":   ["Religious"],
                    "Featured":     "false"
                },
                
                {
                    "Title":        "TVN 14 HD",
                    "region":       "San Jose",
                    "Url":          "https://5fd8fec96951d.streamlock.net:8443/TVN/CH14.stream_720p/playlist.m3u8",
                    "guideURL":     "",
                    "HDPosterUrl":  "pkg:/images/logo_tvn14.jpeg",
                    "Categories":   ["San Jose"],
                    "Featured":     "false"
                },
                
                
                {
                    "Title":        "Anexion TV",
                    "region":       "Guanacaste",
                    "Url":          "https://rtmp.info/anexiontv/envivo/playlist.m3u8",
                    "guideURL":     "https://anexiontv.com/crbst_3.html",
                    "HDPosterUrl":  "pkg:/images/logo_anexion.jpeg",
                    "Categories":   ["Guanacaste"],
                    "Featured":     "false"
                },
                {
                    "Title":        "Nicoya TV",
                    "region":       "Guanacaste",
                    "Url":          "https://59ef525c24caa.streamlock.net/nicoyatv/nicoyatv/playlist.m3u8",
                    "guideURL":     "",
                    "HDPosterUrl":  "https://www.pngkey.com/png/detail/816-8164472_nicoya-tv.png",
                    "Categories":   ["Guanacaste"],
                    "Featured":     "true"
                },
                {
                    "Title":        "Santa Cruz TV",
                    "region":       "Guanacaste",
                    "Url":          "https://rtmp.info/tvsantacruz/envivo/playlist.m3u8",
                    "guideURL":     "",
                    "HDPosterUrl":  "pkg:/images/logo_santa_cruz_tv.png",
                    "Categories":   ["Guanacaste"],
                    "Featured":     "false"
                },

                {
                    "Title":        "Tv Sur 14",
                    "region":       "Sur de Costa Rica",
                    "Url":          "https://5bf8041cb3fed.streamlock.net:443/TVSURCANAL14/TVSURCANAL14/playlist.m3u8",
                    "guideURL":     "",
                    "HDPosterUrl":  "pkg:/images/logo_tv_sur.jpeg",
                    "Categories":   ["Sur de Costa Rica"],
                    "Featured":     "false"
                    
                },
                {
                    "Title":        "TeleSur",
                    "region":       "Sur de Costa Rica",
                    "Url":          "https://59ef525c24caa.streamlock.net/telesur/telesur/playlist.m3u8",
                    "guideURL":     "",
                    "HDPosterUrl":  "pkg:/images/logo_telesur.jpeg",
                    "Categories":   ["Sur de Costa Rica"],
                    "Featured":     "false"
                },
                {
                    "Title":        "Colosal 88.3 FMlogo",
                    "region":       "Sur de Costa Rica",
                    "Url":          "https://5d16127744872.streamlock.net/canal3/canal3/playlist.m3u8",
                    "guideURL":     "https://colosalstereo.com/programacion.php",
                    "HDPosterUrl":  "pkg:/images/logo_colosal_radio.jpeg",
                    "Categories":   ["Music"],
                    "Featured":     "false"
                },
                {
                    "Title":        "Colosal TV HD",
                    "region":       "Sur de Costa Rica",
                    "Url":          "http://tv.ticosmedia.com:1935/COLOSAL/COLOSAL/playlist.m3u8",
                    "guideURL":     "https://colosalstereo.com/programacion.php",
                    "HDPosterUrl":  "pkg:/images/logo_colosal_tv.jpeg",
                    "Categories":   ["Music"],
                    "Featured":     "false"
                },

                {
                    "Title":        "Los Santos TV",
                    "region":       "Occidente del Valle Central",
                    "Url":          "http://tiquiciatv.com:1935/lstv/web/playlist.m3u8",
                    "guideURL":     "https://colosalstereo.com/programacion.php",
                    "HDPosterUrl":  "pkg:/images/logo_los_santos.jpeg",
                    "Categories":   ["Occidente del Valle Central"],
                    "Featured":     "false"
                },
                {
                    "Title":        "Occidente En Línea",
                    "region":       "Occidente del Valle Central",
                    "Url":          "https://inliveserver.com:1936/15508/15508/playlist.m3u8",
                    "guideURL":     "",
                    "HDPosterUrl":  "https://costaricatelevision.com/sites/default/files/styles/tv_list/public/2021-05/occidente-en-linea-costa-rica.png",
                    "Categories":   ["Occidente En Línea"],
                    "Featured":     "false"
                },

                {
                    "Title":        "TV Uno",
                    "region":       "Zona de Occidente",
                    "Url":          "https://5d16127744872.streamlock.net/TVUNO/TVUNO/playlist.m3u8",
                    "guideURL":     "",
                    "HDPosterUrl":  "https://yt3.ggpht.com/ytc/AKedOLSOLnUKdlVxhGK4OGaqwrYubEnbZi463c2tabdhyQ=s900-c-k-c0x00ffffff-no-rj",
                    "Categories":   ["Zona de Occidente"],
                    "Featured":     "false"
                },

                {
                    "Title":        "SarapiquiTV",
                    "region":       "Sarapiqui",
                    "Url":          "http://209.126.105.158:1935/stv/web/playlist.m3u8",
                    "guideURL":     "",
                    "HDPosterUrl":  "pkg:/images/logo_stv.jpeg",
                    "Categories":   ["Sarapiqui"],
                    "Featured":     "false"
                },

                {
                    "Title":        "TV Digital Chirripo",
                    "region":       "Perez Zeledon",
                    "Url":          "http://tv.tiquiciatv.com:1935/tvdc/envivo_720p/playlist.m3u8",
                    "guideURL":     "",
                    "HDPosterUrl":  "http://tiquiciatv.com/images/LOGO-WEB-TV-DIGITAL-CHIRRIP--FINAL-SOLO-NOMBRE_5p3oebd0.jpg",
                    "Categories":   ["Perez Zeledon"],
                    "Featured":     "false"
                },
                {
                    "Title":        "TV Curre Canal 36",
                    "region":       "Perez Zeledon",
                    "Url":          "http://k6.usastreams.online/Tvcurre/Tvcurre/playlist.m3u8",
                    "guideURL":     "",
                    "HDPosterUrl":  "pkg:/images/logo_tv_curre.png",
                    "Categories":   ["Perez Zeledon"],
                    "Featured":     "false"
                },

                {
                    "Title":        "Oldies Hits TV",
                    "region":       "",
                    "Url":          "https://inliveserver.com:1936/15508/15508/playlist.m3u8",
                    "guideURL":     "",
                    "HDPosterUrl":  "https://www.freeradiotune.com/wp-content/uploads/2015/12/Oldies-Hits.png",
                    "Categories":   ["Music"],
                    "Featured":     "false"
                },
                {
                    "Title":        "Radio Best Music TV",
                    "region":       "",
                    "Url":          "https://cp.sradiotv.com:1936/8016/8016/playlist.m3u8",
                    "guideURL":     "",
                    "HDPosterUrl":  "https://editor.zenomedia.com/resources/zs_station/529532/CardWebsite/image.jpg",
                    "Categories":   ["Music"],
                    "Featured":     "true"
                },
                {
                    "Title":        "TvRetro Palmares",
                    "region":       "",
                    "Url":          "http://tvretropalmares.com:8090/hls/envivo.m3u8",
                    "guideURL":     "",
                    "HDPosterUrl":  "https://cigars.roku.com/v1/contain/800x454/https%3A%2F%2Fimage.roku.com%2Fdeveloper_channels%2Fprod%2Ff93bcbbf392910af21e079475aaf38a8c59fbb49fbf9f8fcbea8b8300948b7ba.jpg",
                    "Categories":   ["Family"],
                    "Featured":     "false"
                },
                {
                    "Title":        "VoiceOver RadioTV",
                    "region":       "",
                    "Url":          "https://panel.streamingtv-mediacp.online:1936/8160/8160/playlist.m3u8",
                    "guideURL":     "",
                    "HDPosterUrl":  "pkg:/images/logo_voice_over.png",
                    "Categories":   ["Music"],
                    "Featured":     "false"
                },
                {
                    "Title":        "Mega Fuzion Radio y TV",
                    "region":       "",
                    "Url":          "https://59ef525c24caa.streamlock.net/megafusion/megafusion/playlist.m3u8",
                    "guideURL":     "",
                    "HDPosterUrl":  "pkg:/images/logo_mega_fuzion_radio_y_tv.png",
                    "Categories":   ["Music"],
                    "Featured":     "true"
                }
                ]
            },
            "El Salvador": {
                "shortCode":    "SV",
                "channels": []
            },
            "Guatemala": {
                "shortCode":    "GT",
                "channels": []
            },
            "Honduras": {
                "shortCode":    "HN",
                "channels": []
            },
            "Nicaragua": {
                "shortCode":    "NI",
                "channels": []
            },
            "Panama":
            {
                "shortCode":    "PA",
                "channels": []
            }
    }
}
